<odoo>
    <data noupdate="1">
        <record id="job_order_categ_new_request" model="custom.job.order.category">
            <field name="name">New Request</field>
        </record>
        <record id="job_order_categ_maintenance" model="custom.job.order.category">
            <field name="name">Maintenance</field>
        </record>
        <record id="job_order_categ_repair" model="custom.job.order.category">
            <field name="name">Repair</field>
        </record>
        <record id="job_order_categ_technical" model="custom.job.order.category">
            <field name="name">Technical</field>
        </record>
        <record id="job_order_categ_other" model="custom.job.order.category">
            <field name="name">Other</field>
        </record>
    </data>
</odoo>
