<?xml version="1.0" encoding="utf-8"?>
<odoo>
   <data noupdate="1">
   
        <record id="custom_wo_email_template_job_order_to_customer" model="mail.template">
           <field name="name">Job Order - Send by Email</field>
           <field name="model_id" ref="project.model_project_task"/>
           <field name="email_from">{{object.company_id.email}}</field>
           <field name="subject">Job Order [{{object.custom_wo_number}}]</field>
           <field name="email_to">{{object.custom_wo_job_partner_email}}</field>
           <field name="auto_delete" eval="True"/>
            <!-- <field name="report_template" ref="custom_wo_joborder_report"/> -->
            <field name="report_template_ids" eval="[(4, ref('website_job_workorder_request.custom_wo_joborder_report'))]"/>
            <!-- <field name="report_name">Job Order - {{(object.custom_wo_number or '').replace('/','_')}}</field> -->
            <field name="body_html"><![CDATA[
            

        <p>Dear <t t-out="object.custom_wo_job_partner_id.name"/>, <br/>

      <p> Please find attached Job Order - <t t-out="object.custom_wo_number"/>.<br/> 
       <p>
           <strong>
             <t t-out="object.company_id.name"/>
           </strong>
       </p>
   
<!--    <tr>
        <td align="center" style="min-width: 590px; padding: 0 8px 0 8px; font-size:11px;">
            <hr width="100%" style="background-color:rgb(204,204,204);border:medium none;clear:both;display:block;font-size:0px;min-height:1px;line-height:0; margin: 16px 0px 4px 0px;"/>
            <b><t t-out="object.company_id.name" /></b><br/>
            <div style="color: #999999;">
                <t t-out="object.company_id.phone" />
                <t t-if="object.company_id.email">
                |
                    <a t-att-href="'mailto:%s' % object.company_id.email" style="text-decoration:none; color: #999999;">
                        <t t-out="object.company_id.email" />
                    </a>
                </t>
                <t t-if="object.company_id.website">
                |
                    <a href="'%s' % object.company_id.website" style="text-decoration:none; color: #999999;">
                        <t t-out="object.company_id.website" />
                    </a>
                </t>
            </div>
        </td>
    </tr>
</tbody>
</table>
</td></tr> -->
<!-- <tr><td align="center" style="min-width: 590px;">
        Powered by <a target="_blank" href="https://www.odoo.com?utm_source=db&amp;utm_medium=email" style="color: #875A7B;">Odoo</a>
</td></tr> -->
            ]]></field>
        </record>

    </data>
</odoo>

