<?xml version="1.0" encoding="utf-8"?>
<odoo>
   <data noupdate="0">
   
        <record id="custom_wo_email_template_job_order_to_customer" model="mail.template">
           <field name="name">Job Order - Send by Email</field>
           <field name="model_id" ref="project.model_project_task"/>
           <field name="email_from">${object.company_id.email}</field>
           <field name="subject">Job Order [${object.custom_wo_number}]</field>
           <field name="email_to">${object.custom_wo_job_partner_email}</field>
           <field name="auto_delete" eval="True"/>
            <field name="report_template" ref="custom_wo_joborder_report"/>
            <field name="report_name">Job Order - ${(object.name or '').replace('/','_')}</field>
            <field name="body_html"><![CDATA[
            
      <p>Dear ${object.custom_wo_job_partner_id.name},

      <p> Please find attached Job Order - ${object.custom_wo_number}.<br/> 
       <p>
           <strong>
            ${object.company_id.name}
           </strong>
       </p>
   
   <!-- <div style="width: 347px; margin: 0px; padding: 5px 14px; line-height: 16px; background-color: #F2F2F2;">
       <span style="color: #222; margin-bottom: 5px; display: block; ">
           ${object.company_id.partner_id.sudo().with_context(show_address=True, html_format=True).name_get()[0][1] | safe}
       </span>
       % if object.company_id.phone:
           <div style="margin-top: 0px; margin-right: 0px; margin-bottom: 0px; margin-left: 0px; padding-top: 0px; padding-right: 0px; padding-bottom: 0px; padding-left: 0px; ">
               Phone:&nbsp; ${object.company_id.phone}
           </div>
       % endif
       % if object.company_id.website:
           <div>
               Web :&nbsp;<a href="${object.company_id.website}">${object.company_id.website}</a>
           </div>
       %endif
       <p></p>
   </div> -->
            ]]></field>
        </record>

    </data>
</odoo>

