<?xml version="1.0" encoding="utf-8"?>
<odoo>
   <data noupdate="0">

        <record id="custom_wo_email_template_job_order_send_view" model="mail.template">
           <field name="name">Job Order - Send by Email</field>
           <field name="model_id" ref="project.model_project_task"/>
           <field name="email_from">${object.company_id.email}</field>
           <field name="subject">${ctx['subject']} - (${ctx['custom_wo_joborder_number']})</field>
           <field name="email_to">${ctx['email']}</field>
           <field name="auto_delete" eval="True"/>
            <field name="body_html"><![CDATA[
<p>Dear ${ctx['partner_name']},

<p>We have received your job order ${ctx['custom_wo_joborder_number']} request.

<p>We will get back to you soon.</p>
           <br/>
       <p>
           <strong>${object.company_id.name}
           </strong>
       </p>
   <!-- <div style="width: 347px; margin: 0px; padding: 5px 14px; line-height: 16px; background-color: #F2F2F2;">
       <span style="color: #222; margin-bottom: 5px; display: block; ">
           ${object.company_id.partner_id.sudo().with_context(show_address=True, html_format=True).name_get()[0][1] | safe}
       </span>
       % if object.company_id.phone:
           <div style="margin-top: 0px; margin-right: 0px; margin-bottom: 0px; margin-left: 0px; padding-top: 0px; padding-right: 0px; padding-bottom: 0px; padding-left: 0px; ">
               Phone:&nbsp; ${object.company_id.phone}
           </div>
       % endif
       % if object.company_id.website:
           <div>
               Web :&nbsp;<a href="${object.company_id.website}">${object.company_id.website}</a>
           </div>
       %endif
       <p></p>
   </div> -->
            ]]></field>
        </record>

    </data>
</odoo>


