<?xml version="1.0" encoding="utf-8"?>
<odoo>
    <data noupdate='1'>
        
        <record id="group_document_user" model="res.groups">
                <field name="name">Document User/Officer</field>
                <field name="implied_ids" eval="[(4, ref('base.group_user'))]"/>
        </record>
        
        <record id="document_dirctory_user_rule" model="ir.rule">
                <field name="name">Own Document Direcotry</field>
                <field ref="document_directory_extension.model_document_directory" name="model_id"/>
                <field name="domain_force">[('user_ids','in',user.id)]</field>
                <field name="groups" eval="[(4, ref('group_document_user'))]"/>
        </record>
        
        <record id="document_dirctory_manger_rule" model="ir.rule">
                <field name="name">All Document Direcotry</field>
                <field ref="document_directory_extension.model_document_directory" name="model_id"/>
                <field name="domain_force">[(1,'=',1)]</field>
                <field name="groups" eval="[(4, ref('document_directory_extension.group_document_manager'))]"/>
        </record>
        
    </data>
</odoo>
