id,name,model_id/id,group_id/id,perm_read,perm_write,perm_create,perm_unlink
access_document_dir_tags_employee,document_dir_tags_employee,model_directory_tag,base.group_user,1,0,0,0
access_document_dir_tags_manager,document_dir_tags_manager,model_directory_tag,document_directory_extension.group_document_manager,1,1,1,1
access_document_dir_tags_user,document_dir_tags_user,model_directory_tag,document_directory_extension_security.group_document_user,1,0,0,0
access_document_dir_tags_nogroup,document_dir_tags_nogroup,model_directory_tag,,1,0,0,0
access_attachment_tags_employee,attachment_dir_tags_employee,model_attachment_tag,base.group_user,1,0,0,0
access_attachment_tags_manager,attachment_dir_tags_manager,model_attachment_tag,document_directory_extension.group_document_manager,1,1,1,1
access_attachment_tags_user,attachment_dir_tags_user,model_attachment_tag,document_directory_extension_security.group_document_user,1,0,0,0
access_attachment_tags_nogroup,attachment_dir_tags_nogroup,model_attachment_tag,,1,0,0,0