id,name,model_id:id,group_id:id,perm_read,perm_write,perm_create,perm_unlink
access_maintenance_material,maintenance_material,model_maintenance_request_material,base.group_user,1,1,1,0
access_equipment_checklist,equipment_checklist,model_equipment_checklist,base.group_user,1,0,0,0
access_maintenance_checklist,maintenance_checklist,model_maintenance_equipment_checklist,base.group_user,1,1,1,0
access_plan_material,plan_material,model_maintenance_planned_material,base.group_user,1,0,0,0
access_material_equipment_manager,material_equipment_manager,model_maintenance_request_material,maintenance.group_equipment_manager,1,1,1,1
access_checklist_equipment_manager,checklist_equipment_manager,model_equipment_checklist,maintenance.group_equipment_manager,1,1,1,1
access_equipment_checklist_equipment_manager,equipment_checklist_equipment_manager,model_maintenance_equipment_checklist,maintenance.group_equipment_manager,1,1,1,1
access_plan_material_equipment_manager,plan_material_equipment_manager,model_maintenance_planned_material,maintenance.group_equipment_manager,1,1,1,1
access_employee_task,emploee_task,project.model_project_task,base.group_user,1,1,1,0
