<?xml version="1.0" encoding="utf-8"?>
<odoo>
   <data noupdate="1">
   
        <record id="email_template_machine_ticket" model="mail.template">
           <field name="name">Machine Repair Ticket - Send by Email</field>
           <field name="email_from">{{object.company_id.email}}</field>
           <field name="subject">{{object.name}} - {{object.subject}} (Closed)</field>
           <field name="email_to">{{object.partner_id.email}}</field>
           <field name="model_id" ref="machine_repair_management.model_machine_repair_support"/>
           <field name="auto_delete" eval="True"/>
           <!-- <field name="report_template" ref="machine_repair_management.print_support_request"/> -->
           <field name="report_template_ids" 
            eval="[(4, ref('machine_repair_management.print_support_request'))]"/>
           <!-- <field name="report_name">Machine Repair Report</field> -->
           <field name="body_html" type="html"><!-- <![CDATA[ -->
            <div style="margin: 0px; padding: 0px;">
<p>Dear <t t-out="object.partner_id.name"/>, <br/></p>

<!-- <t t-set="is_online" t-value="access_action and access_action['type'] == 'ir.actions.act_url'"/>
<t t-set="access_action" t-value="object.get_access_action()"/>
<t t-set="custom_access_url" t-value="access_action['type'] == 'ir.actions.act_url' and access_action['url'] or '/machine_repair_email/feedback/'+str(object.id)"/> -->

 <t t-set="is_online" t-value="access_action and access_action['type'] == 'ir.actions.act_url'"/>
            <t t-set="access_action" t-value="object.get_access_action()"/>
            <t t-set="custom_access_url" t-value="object.get_access_action()"/>

<p>We have closed your ticket for now, if you want to reopen please do not hesitate contact us. </p>

<p><a style="padding: 8px 30px 8px 30px;border-radius: 6px;border: 1px solid #CCCCCC;background-color:#008080;margin-left: 2px;text-decoration: none;color:#FFFFFF;"  t-attf-href="{{custom_access_url}}">Please give your feedback</a> <br/></p>

<p>Thanks for your participation!  </p>   
        <p>Thank you for choosing <!-- {{object.company_id.name or 'us'}} --><t t-out="object.company_id.name"/>!</p>
        
  <!--  </div>
   </div>
   </div> -->
           <!--  ]]> -->
        </div></field>
        </record>
        
    </data>
</odoo>

